{"x": [1.5, 1.6, 1.7, 1.8, 1.9, 2.0, 2.1, 2.2, 2.3, 2.4, 2.5, 2.6, 2.7, 2.8, 2.9, 3.0, 3.1, 3.2, 3.3, 3.4, 3.5, 3.6, 3.7, 3.8, 3.9, 4.0, 4.1, 4.2, 4.3, 4.4, 4.5, 4.6, 4.7, 4.8, 4.9, 5.0], "series": [1.609405673108731, 1.4663293986893164, 1.3499246988076525, 1.2527623899594171, 1.1700710740089062, 1.0986122297852055, 1.0360919111197195, 0.980829245445186, 0.9315582010878539, 0.8873031938275121, 0.8472978598965766, 0.810930216003776, 0.7777045684928706, 0.7472144017863356, 0.7191226669423892, 0.6931471805498115, 0.6690496289758311, 0.6466271649224747, 0.6257058997630696, 0.606135803569602, 0.5877866649017326, 0.5705448584674, 0.5543107357056101, 0.5389965007326193, 0.5245244681241136, 0.5108256237659675, 0.4978384282391659, 0.48550781578169255, 0.4737843520856367, 0.4626235219481099, 0.4519851237430553, 0.4418327522790381, 0.4321333551903249, 0.4228568508200331, 0.4139757977760727, 0.4054651081081642], "exact": [1.6094379124341003, 1.466337068793427, 1.349926716949016, 1.2527629684953678, 1.1700712526502546, 1.0986122886681098, 1.0360919316867756, 0.9808292530117262, 0.9315582040049436, 0.8873031950009029, 0.8472978603872037, 0.8109302162163288, 0.7777045685880083, 0.7472144018302211, 0.719122666963206, 0.6931471805599453, 0.6690496289808847, 0.6466271649250523, 0.6257058997644128, 0.6061358035703156, 0.5877866649021191, 0.5705448584676128, 0.5543107357057295, 0.5389965007326871, 0.5245244681241528, 0.5108256237659907, 0.49783842823917956, 0.4855078157817008, 0.4737843520856417, 0.46262352194811296, 0.4519851237430572, 0.44183275227903923, 0.43213335519032575, 0.4228568508200336, 0.413975797776073, 0.4054651081081644]}